id,bucket,subbucket,content_type,emotional_trigger,save_type,best_fit_template,title_example,general_trends_signal,strategy_learnings,seasonal_window,priority
K001,01. Monsoon & Seasonal Illness,Flu shot before the monsoon flu peak,Discovery,Fear,Anxiety,Fear Hook,Is It Already TOO LATE to Get YOUR Baby the Flu Shot This Monsoon?,"In India the flu season is the monsoon itself (June to September), so doctors say the best time to vaccinate is just before the rains begin. Children getting it for the first time need two doses a month apart, which means a parent who waits past June has effectively missed the protective window. Search interest for flu shots climbs sharply as the rains arrive.","Based on your past reels, a personal fear with one clear action is your strongest reach play - your 'Is YOUR Baby Developing Normally?' reel hit 293K on exactly that. A ticking-clock hook adds urgency on top. Note: you have no vaccine reel yet, so treat the view estimate as a confident bet, not proven.",June (urgent),1
K002,01. Monsoon & Seasonal Illness,Hand-foot-mouth disease (tomato fever),Discovery,Fear,Sharing,Fear Hook + Checklist,Is THIS Rash on YOUR Baby Tomato Fever? 3 Signs to Check Now,"Hand-foot-mouth disease flares in every Indian monsoon and spreads fast through daycares and playgroups, hitting babies and toddlers hardest. Mumbai hospitals have reported several times the usual case load during past monsoon surges. Most parents confuse the rash with chickenpox or an allergy, so they actively search to identify it.","Your 293K developing-normally reel proves 'could this be MY baby?' fear with a quick self-check is your biggest reach lever, and a visible rash is the real footage that triggers it. Like your Peekaboo reel (6,054 saves, the most you have ever had), a warn-other-parents angle gets it forwarded through family groups.",June-July,1
K003,01. Monsoon & Seasonal Illness,When baby fever becomes an emergency,Discovery,Fear,Anxiety,Fear Hook + Checklist,When Should YOU Rush to the ER for Baby Fever? The Doctor's Rule,"Viral fever, dengue and malaria all spike during the monsoon, and outpatient departments report a sharp rise in feverish children. 'How high is too high for baby fever' is one of the most panicked late-night searches parents make all year, and it intensifies in the rains.","Your Breech Baby reel pulled 175K and 1,313 saves (0.75%) because fear-plus-information makes parents save it for reference - a fever rule is the same kind of keep-this-for-later content.",July (peak),1
K004,01. Monsoon & Seasonal Illness,"Diarrhoea, vomiting and dehydration",Authority,Fear,Anxiety,Fear Hook + Instructive,Is YOUR Baby Dehydrated? The Simple Pinch Test Every Parent Must Know,"Monsoon water contamination drives a surge in stomach infections, typhoid and hepatitis A, and diarrhoea remains a real cause of young-child deaths in India. Parents search heavily for what to feed a vomiting child and when it becomes dangerous.","Your Breech Baby reel (175K, 0.75% save rate) shows fear-plus-a-clear-step gets saved. A hands-on test demonstrated on a real baby is the close-up, real-footage style that outperformed every CGI piece you have made.",July (peak),2
K005,01. Monsoon & Seasonal Illness,Cough syrup safety for young children,Authority,Fear,Sharing,Safe or Not + Counter-Intuitive,NEVER Give YOUR Under-4 This Cough Syrup - Here's Why,"A 2025 contaminated cough-syrup tragedy killed several Indian children and dominated national news, leaving lasting fear about over-the-counter medicines. At the same time monsoon humidity causes a wave of coughs and colds, so parents are anxiously searching what is safe to give.","Your Cow Milk Safe-or-Not reel reached 94.4K because a blunt verdict on a common habit works. A flat 'never' correction lands the same way and, tied to a national news fear, gets forwarded like your high-save content.",June-July,1
K006,01. Monsoon & Seasonal Illness,Safe mosquito protection for babies,Authority,Curiosity,Anxiety,Safe or Not,Mosquito Repellent on Babies - Safe or Not? Doctor Settles It,"Dengue, malaria and chikungunya peak in the monsoon, and parents worry about which repellents, patches, creams and nets are actually safe for infant skin. Questions about specific repellent brands surge every rainy season.",This is your proven format exactly - your Cow Milk 'Safe or Not?' reel hit 94.4K. Judging a product category without naming a brand keeps the trust that your data says you must protect.,July,2
K007,01. Monsoon & Seasonal Illness,Fast or laboured breathing (pneumonia warning),Discovery,Fear,Anxiety,Fear Hook,"If YOUR Baby Breathes Like THIS, Don't Wait - Watch Now","Damp monsoon air raises cases of viral pneumonia and chest infections in babies, and fast breathing is the single warning sign that doctors most wish parents knew to count. Awareness of it is low despite how serious it is.",Your Blue Baby footage ('this baby is turning blue and breathing heavily') was called the single best hook in your whole library but was buried at 12K - a breathing-warning video with real footage is built on that exact strength.,July-Aug,2
K008,01. Monsoon & Seasonal Illness,Skin and fungal rashes in humidity,Authority,Curiosity,Sharing,Q&A + Instructive,Why Does YOUR Baby Get These Monsoon Rashes - And What Actually Helps,"High humidity triggers heat rash, nappy rash and fungal infections in skin folds, which are among the most common monsoon complaints parents bring to pediatricians. Parents search constantly for safe creams and home care.","Your Breastmilk Bath reel hit 57.4K on curiosity plus real Indian-baby footage. A visible, relatable skin problem shown on a real baby taps the same curiosity-and-realness lever.",July-Aug,3
K009,01. Monsoon & Seasonal Illness,Keeping babies dry and warm in the rains,Authority,Curiosity,Sharing,Checklist + Instructive,5 Monsoon Mistakes Indian Parents Make With Newborns,"Sudden temperature swings during the rains are blamed for many infant colds and chest infections, and seasonal 'monsoon baby care' guides spike in search every June.","Your Superstition reel (58.1K, 998 saves) earned your highest comment ratio by calling out common practices - a 'mistakes Indian parents make' framing triggers the same debate engine.",June-July,3
K010,01. Monsoon & Seasonal Illness,Typhoid and contaminated water dangers,Authority,Fear,Anxiety,Fear Hook + Instructive,The Monsoon Illness That Hides as 'Just a Fever' in Children,"Typhoid and other water-borne infections rise sharply when monsoon flooding contaminates supply, and they often masquerade as an ordinary lingering fever, delaying treatment.",Your 293K developing-normally reel proves the scariest content is a danger parents did not know to watch for. A hidden illness behind an 'ordinary fever' uses that unknown-threat lever; a see-a-doctor rule earns the save.,July (peak),3
K011,01. Monsoon & Seasonal Illness,Conjunctivitis (eye flu) in children,Authority,Concerned,Sharing,Q&A + Instructive,Eye Flu Is Spreading - How to Protect YOUR Child This Monsoon,"Conjunctivitis outbreaks sweep through Indian cities every monsoon and spread rapidly among children in schools, often making the news and driving a wave of worried searches.","Your Peekaboo reel got 6,054 saves (2.02%, your best ever) because forwardable content spreads fastest. A spreading, visible outbreak that parents warn each other about rides that same sharing behaviour.",July-Aug,3
K012,01. Monsoon & Seasonal Illness,Monsoon food and water safety for babies,Authority,Curiosity,Sharing,Safe or Not + Checklist,Is YOUR Baby's Food Safe in the Monsoon? The Doctor's Do and Don't List,"Food spoilage and water contamination rise in the rains, and parents search for what is safe to feed weaning babies and how to store and boil water during this season.","Your Cow Milk 'Safe or Not?' reel (94.4K) shows a clear verdict on an everyday worry gets saved and shared. A monsoon do-and-don't food list works the same, with added Indian-kitchen relevance.",July-Aug,3
K013,02. Is YOUR Baby Developing Normally?,Milestones month by month (0-12),Discovery,Fear,Sharing,Fear Hook + Checklist,Is YOUR Baby Developing Normally? The Month-by-Month Checklist,"'Baby milestones by month' is one of the highest-volume parenting searches in the world and in India, and anxiety peaks whenever a parent compares their child to another baby of the same age.",This IS your single most repeatable winner - your 'Is YOUR Baby Developing Normally?' reel reached 293K. A month-by-month checklist is both the self-check and the save-worthy reference that drove it.,Evergreen,1
K014,02. Is YOUR Baby Developing Normally?,Milestones for toddlers (1-3 years),Discovery,Fear,Sharing,Checklist,"Is YOUR Toddler Behind? What 1, 2 and 3-Year-Olds Should Be Doing","Toddler development worries (talking, walking, listening) are a major search category as parents move past the newborn phase and start comparing at playgroups and family gatherings.","Your 293K developing-normally reel is the template; this just moves it to an older age band. Every parent self-checks against the list, which is exactly what powered the original.",Evergreen,2
K015,02. Is YOUR Baby Developing Normally?,Speech delay: when to worry,Discovery,Fear,Anxiety,Fear Hook + Q&A,Is YOUR Child Talking Late? When It's Normal and When It's Not,"Speech delay is one of the fastest-rising parental concerns, partly linked to screen exposure, and 'my child is not talking' searches have grown steadily. Indian families often hear conflicting advice from elders.",Your 293K developing-normally reel shows a developmental fear answered with reassurance is your most reliable arc. Clear 'normal versus see-a-specialist' guidance gives the save reason that reel relied on.,Evergreen,2
K016,02. Is YOUR Baby Developing Normally?,Late walking and weak legs,Discovery,Fear,Anxiety,Fear Hook + Q&A,Is It Normal That YOUR Baby Isn't Walking Yet? Doctor Explains,"Walking is the milestone families watch most visibly, and grandparents apply heavy pressure if a baby is 'late', generating constant searches about normal ranges.","Your 293K developing-normally reel proves milestone fear plus reassurance works, and your Superstition reel (58.1K) shows family-debate topics drive comments - late walking sits on both.",Evergreen,3
K017,02. Is YOUR Baby Developing Normally?,Tummy time and why it matters,Discovery,Joy,Sharing,Myth-Buster + Instructive,The 5-Minute Daily Habit That Builds YOUR Baby's Strength,"Tummy time is widely recommended internationally but underused in India, and search interest has grown as parents learn it helps neck strength and prevents flat head.","Your Peekaboo reel is your all-time best at 299K with a 2.02% save rate, proving joyful 'you are doing it right' content beats fear for sharing. A simple do-this habit taps that exact validation lever.",Evergreen,2
K018,02. Is YOUR Baby Developing Normally?,Why peekaboo and play build the brain,Discovery,Joy,Sharing,Myth-Buster + Instructive,Why Peekaboo Is Secretly Building YOUR Baby's Brain,"Play-and-brain-development content performs strongly across platforms as parents look for simple, screen-free ways to help their child learn.","This is literally your best-performing theme - your Peekaboo reel hit 299K and 6,054 saves on joy and validation. It is your clearest proof that positive, shareable content grows the channel faster than fear.",Evergreen,1
K019,02. Is YOUR Baby Developing Normally?,Crawling: is skipping it a problem,Discovery,Curiosity,Anxiety,Q&A,Does It Matter If YOUR Baby Never Crawled? The Truth,"Parents whose babies go straight to walking often worry they missed a vital stage, a recurring and reassurance-seeking search.","Your Peekaboo reel (299K, top save rate) shows relief-and-validation content spreads; a reassuring 'skipping crawling is fine' answer uses that calmer lever to vary your fear-heavy feed.",Evergreen,3
K020,02. Is YOUR Baby Developing Normally?,Hand preference and fine motor skills,Authority,Curiosity,Sharing,Q&A + Checklist,When Will YOU Know If YOUR Child Is Left or Right Handed?,"Fine-motor and handedness questions rise as toddlers start scribbling and feeding themselves, a steady curiosity-driven search.",Your Breastmilk Bath reel (57.4K) shows light curiosity content performs. A quick 'when will you know' explainer keeps you the go-to source for everyday developmental questions.,Evergreen,3
K021,02. Is YOUR Baby Developing Normally?,Signs of autism parents miss early,Discovery,Fear,Anxiety,Fear Hook + Checklist,5 Early Signs of Autism Most Parents Notice Too Late,"Autism awareness and early-signs searches have risen sharply worldwide, and early intervention is increasingly understood to change outcomes, making this a high-intent topic.","Your 293K developing-normally reel proves a high-stakes, low-awareness checklist is your strongest pattern. Handle this with a reassuring close so it informs rather than frightens, matching your fear-to-reassurance structure.",Evergreen,2
K022,02. Is YOUR Baby Developing Normally?,Screen time damage under age 2,Authority,Fear,Sharing,Counter-Intuitive + Safe or Not,Why YOUR Baby Should See ZERO Screens Before Age 2,"Screen exposure in babies has exploded since the pandemic and is now linked in parents' minds to speech delay; health bodies advise no screens under two, fuelling guilt-driven searches.","Your Superstition reel (58.1K, 998 saves) earned your top comment ratio by challenging a common practice - taking a firm stand on screens creates the same debate and a share-as-warning push.",Evergreen,2
K023,03. Safe or Not: Indian Practices & Myths,Cow or buffalo milk before age 1,Authority,Shock,Sharing,Safe or Not,Cow Milk for Babies Under 1 - Safe or Not? Doctor Explains,"Giving animal milk to young infants is near-universal in Indian homes, and there is a live disagreement between elders and new parents over when it is safe to start.",This IS your proven Authority winner - your Cow Milk 'Safe or Not?' reel reached 94.4K. Cultural-practice verdicts give you your highest comment ratio by pitting elders against new parents.,Evergreen,1
K024,03. Safe or Not: Indian Practices & Myths,Kajal or surma in baby's eyes,Authority,Shock,Sharing,Safe or Not + Myth-Buster,Putting Kajal in YOUR Baby's Eyes - Safe or Not?,"Applying kajal to ward off the evil eye and 'enlarge' the eyes is deeply embedded across India, while the lead-contamination risk is almost unknown to most families.",Your Superstition reel hit 58.1K and your best comment ratio because rituals trigger live debate. Kajal carries that plus a lead-poisoning angle parents never knew - your unknown-danger lever.,Evergreen,1
K025,03. Safe or Not: Indian Practices & Myths,"Honey, ghutti or janam-ghutti for newborns",Authority,Fear,Sharing,Safe or Not + Counter-Intuitive,NEVER Give Honey to a Baby Under 1 - Here's the Real Reason,"Honey and traditional ghutti mixtures are common first foods given to newborns in many Indian families, yet the risk of infant botulism is virtually unheard of among parents.",Your Cow Milk 'Safe or Not?' reel (94.4K) shows a clear verdict on a feeding habit works. A blunt 'never' with a named risk like botulism makes it a forwardable warning.,Evergreen,2
K026,03. Safe or Not: Indian Practices & Myths,Oil massage and morning sun (malish),Authority,Curiosity,Sharing,Safe or Not,Baby Oil Massage in the Sun - Safe or Not? Doctor's Verdict,"Daily oil massage followed by morning sun is a near-ritual in Indian homes, often done for vitamin D and jaundice, and parents are unsure how much is actually evidence-based.",Your Cow Milk reel (94.4K) proves the respect-the-tradition-then-give-the-verdict structure works. Validating the safe part of massage while flagging the risk builds the same balanced trust.,Evergreen,2
K027,03. Safe or Not: Indian Practices & Myths,Bottle feeding mistakes,Discovery,Shock,Anxiety,Counter-Intuitive,Are You Bottle Feeding YOUR Baby WRONG? Doctor Explains,"Sterilising, propping the bottle and the right position are high-volume new-parent searches, and many parents quietly fear they are doing it wrong.",Your Bottle Feeding reel already has a working Hinglish hook ('bottle feed toh karna hi nahi chahiye') buried inside it at 16K - moving that line to the front is the packaging fix your own analysis estimates lifts it to 150-200K.,Evergreen,2
K028,03. Safe or Not: Indian Practices & Myths,Shaving the head for thicker hair (mundan),Authority,Shock,Sharing,Myth-Buster,Does Shaving YOUR Baby's Head Grow Thicker Hair? The Truth,"The mundan ceremony and the belief that shaving thickens hair is widespread, making it a familiar myth nearly every Indian parent has heard.","Your Superstition reel (58.1K) shows myth-busting a cultural belief drives comments and shares - the mundan hair myth is the same low-controversy, high-recognition territory.",Evergreen,3
K029,03. Safe or Not: Indian Practices & Myths,"Pre-lacteal feeds (water, sugar water, jaggery)",Authority,Concerned,Sharing,Safe or Not + Counter-Intuitive,Should YOU Give a Newborn Water or Sugar Water? Doctor Answers,"Giving newborns water, sugar water or jaggery before breastfeeding is a common traditional practice, but it can interfere with feeding and introduce infection.",Your Cow Milk verdict (94.4K) and Superstition debate (58.1K) both prove elders-insist topics spark household argument. A clear answer on pre-lacteal feeds gives parents ammunition to win it.,Evergreen,2
K030,03. Safe or Not: Indian Practices & Myths,Tight swaddling and leg straightening,Authority,Concerned,Sharing,Safe or Not + Myth-Buster,Does Tight Wrapping Make YOUR Baby's Legs Straight? Myth Busted,"Wrapping babies tightly to 'straighten the legs' is a persistent belief in many Indian homes, while tight hip swaddling actually risks hip problems.","Your Superstition reel (58.1K, top comment ratio) shows a cultural myth plus a hidden risk is your strongest Authority recipe - tight swaddling and hip risk fits it exactly.",Evergreen,3
K031,03. Safe or Not: Indian Practices & Myths,Gripe water and colic drops,Authority,Curiosity,Anxiety,Safe or Not,Is Gripe Water Actually Safe for YOUR Baby? Doctor's Honest Take,"Gripe water is a default colic remedy in Indian households and a heavily searched product, yet parents rarely know what is in it or whether it works.","Your Cow Milk 'Safe or Not?' reel (94.4K) is the model: a product-category verdict without naming a brand. Colic is universal, so the answer gets saved by exhausted parents.",Evergreen,2
K032,03. Safe or Not: Indian Practices & Myths,Teething: blaming fever and diarrhoea on teeth,Authority,Concerned,Sharing,Myth-Buster,Is Teething Really Causing YOUR Baby's Fever? The Truth,"Blaming every fever, cold and loose motion on teething is extremely common and can dangerously delay treatment of a real infection.",Your Superstition reel (58.1K) proves busting a myth that hides real danger is your signature value. Blaming everything on teething is exactly that kind of risky belief to reframe.,Evergreen,2
K033,03. Safe or Not: Indian Practices & Myths,Forcing food and overfeeding for a 'healthy' look,Authority,Shock,Sharing,Myth-Buster + Counter-Intuitive,Why a 'Chubby' Baby Isn't Always a Healthy Baby,"In India a plump baby is culturally seen as healthy, leading to pressure to overfeed; obesity and force-feeding concerns are a growing topic.",Your Superstition reel (58.1K) earned your highest comment ratio by challenging an accepted norm - a counter-intuitive 'chubby is not always healthy' claim provokes the same debate.,Evergreen,3
K034,03. Safe or Not: Indian Practices & Myths,Home remedies versus seeing a doctor,Authority,Concerned,Sharing,Safe or Not,Which Indian Home Remedies for Babies Actually Work?,"Indian families lean heavily on home remedies (ajwain, hing, kadha) for baby ailments, and parents search to know which are harmless and which are risky.","Your Cow Milk verdict reel (94.4K) shows a balanced 'this helps, this is risky' ruling respects tradition while guiding safely, and gets forwarded to settle family disagreements.",Evergreen,2
K035,03. Safe or Not: Indian Practices & Myths,"Cold weather, AC and 'catching cold'",Authority,Curiosity,Sharing,Myth-Buster,Does AC or Cold Air Really Give YOUR Baby a Cold? Doctor Explains,"The belief that cold air or fans cause colds is widespread, and parents worry about using AC around newborns, especially in hot Indian summers.","Your Superstition reel (58.1K) shows everyday myth-busts resonate. The cold-air-causes-colds belief is a light, reassuring version that widens reach without heavy fear.",Evergreen,3
K036,03. Safe or Not: Indian Practices & Myths,"Black thread, amulets and 'nazar' protection",Authority,Curiosity,Sharing,Safe or Not + Myth-Buster,Black Thread to Protect YOUR Baby - Harmless or Risky?,Tying black threads and amulets on babies for protection is near-universal in India; the strangulation and choking risk is rarely considered.,"Your Superstition reel (58.1K, 998 saves) proves a respectful look at a ritual plus a hidden hazard works - black-thread strangulation risk hits both that cultural and unknown-danger lever.",Evergreen,3
K037,04. Breastfeeding & Lactation,Is my milk enough? low supply fears,Authority,Fear,Anxiety,Myth-Buster + Reassuring,Is YOUR Milk Really 'Not Enough'? The Truth Most Moms Never Hear,"Low-supply anxiety is one of the most emotionally charged searches new mothers make, heavily worsened in India by family comments and pressure to add formula.","Your Peekaboo reel earned a 2.02% save rate (your best) because relief-and-validation gets saved and shared most. A 'you are likely fine' message to an anxious mum taps that exact lever, timed to Breastfeeding Week.",August (WBW),1
K038,04. Breastfeeding & Lactation,Correct latch and positions,Authority,Curiosity,Sharing,Instructive + Checklist,The Right Latch Could End YOUR Breastfeeding Pain Today,Painful feeding and latch problems are top early searches and a leading reason mothers stop breastfeeding; demand peaks around World Breastfeeding Week in August.,"Your Breastmilk Bath reel (57.4K) shows real, hands-on footage performs. A latch demonstration is the same high-trust teaching style, and solving real pain drives saves.",August (WBW),2
K039,04. Breastfeeding & Lactation,Foods that affect breast milk,Authority,Curiosity,Sharing,Myth-Buster + Q&A,Do These Foods Really Boost YOUR Breast Milk? Doctor Separates Fact From Myth,"Indian families have strong beliefs about lactation foods (ajwain, methi, special laddoos), and 'foods to increase breast milk' is a very high-volume search.","Your Superstition reel (58.1K) proves cultural-belief-versus-evidence sparks debate - lactation-food myths (methi, laddoos) are the breastfeeding version of that comment engine.",August (WBW),2
K040,04. Breastfeeding & Lactation,Breastfeeding while sick or on medicines,Authority,Concerned,Anxiety,Safe or Not,Can YOU Breastfeed When You're Sick or Taking Medicine?,"Mothers often stop feeding when they catch a cold or need medication out of fear of harming the baby, a common and anxious search.","Your Breech Baby reel (175K, 0.75% save rate) shows fear-plus-a-clear-answer gets saved. Relieving the 'can I feed while sick' worry earns the same anxiety save.",August (WBW),2
K041,04. Breastfeeding & Lactation,Pumping and storing breast milk,Authority,Curiosity,Sharing,Instructive + Checklist,How to Store YOUR Breast Milk Safely - The Numbers to Remember,"As more Indian mothers return to work, pumping and safe storage searches are rising fast; this aligns with the 2026 breastfeeding-week focus on supporting working mothers.","Your Baby Poop Colour reel kept a 0.62% save rate even at low views, proving rule-based reference content gets saved. Milk-storage numbers are pure save-worthy reference for working mothers.",August (WBW),2
K042,04. Breastfeeding & Lactation,Formula feeding without guilt,Authority,Concerned,Sharing,Myth-Buster + Reassuring,Is Formula Really 'Bad' for YOUR Baby? An Honest Doctor's View,"Formula-feeding guilt is intense and widely searched, fed by online shaming; parents look for balanced medical guidance.","Your Peekaboo reel (299K, top save rate) shows non-judgemental validation spreads. A guilt-free formula message earns the same gratitude-driven shares and avoids alienating parents.",August (WBW),3
K043,04. Breastfeeding & Lactation,Breastfeeding in public and on the go,Community,Joy,Sharing,Q&A + Reassuring,Breastfeeding in Public - YOUR Rights and Simple Tips,"Public breastfeeding stigma is a core theme of World Breastfeeding Week, and supportive, practical content resonates strongly during August.","Your Peekaboo reel (299K, 6,054 saves) proves joyful, empowering content is your most forwarded. A supportive public-feeding message rides that during Breastfeeding Week.",August (WBW),3
K044,04. Breastfeeding & Lactation,"Cracked nipples, engorgement and mastitis",Authority,Fear,Anxiety,Fear Hook + Instructive,"Painful, Hard or Red Breast? Here's What YOUR Body Is Telling You","Engorgement, blocked ducts and mastitis cause real pain and panic for new mothers and are heavily searched in the early weeks.","Your Breech Baby reel (175K, 1,313 saves) shows a real fear with a clear action plan gets saved. Painful-breast relief is the same fear-to-fix structure.",August (WBW),2
K045,04. Breastfeeding & Lactation,When and how to wean off breastfeeding,Authority,Curiosity,Sharing,Q&A + Instructive,When Should YOU Stop Breastfeeding? Doctor's Guidance,"Weaning timing is a common decision point, with conflicting family advice about feeding past one or two years in India.",Your Cow Milk verdict reel (94.4K) shows a clear ruling on a contested family question gets forwarded. When-to-wean is exactly that kind of debate to settle.,August (WBW),3
K046,04. Breastfeeding & Lactation,Breastfeeding a premature or NICU baby,Community,Fear,Anxiety,Instructive + Reassuring,How to Breastfeed YOUR Premature Baby - A Neonatologist's Guide,"Mothers of preemies face unique feeding hurdles (weak suck, tube feeding, supply while pumping) and search for specialist guidance rarely covered by general accounts.","Your 293K developing-normally reel proves fear-plus-reassurance works; here it serves a specific, loyal preemie-parent audience your NICU background lets you own when general accounts cannot.",August (WBW),2
K047,05. Starting Solids & Toddler Nutrition,First foods at 6 months,Discovery,Curiosity,Sharing,Checklist + Instructive,The First Foods YOUR Baby Should (and Shouldn't) Eat at 6 Months,"'Baby first foods' and weaning charts are top-volume evergreen searches; Indian parents specifically look up when to start ragi, dal water and khichdi.","Your Baby Poop Colour reel held a 0.62% save rate as pure reference content - a first-foods chart is the same save-worthy format, with Indian foods adding cultural relevance.",Evergreen,2
K048,05. Starting Solids & Toddler Nutrition,Foods to avoid in the first year,Authority,Fear,Anxiety,Fear Hook + Checklist,Foods That Could Harm YOUR Baby in the First Year,"Parents actively search which foods are unsafe for infants (honey, salt, whole nuts, cow milk), often after conflicting family advice.","Your 293K developing-normally reel shows a fear-based checklist gets saved, and naming foods parents did not know were unsafe uses your unknown-danger lever.",Evergreen,2
K049,05. Starting Solids & Toddler Nutrition,Choking hazards and safe food sizes,Discovery,Fear,Anxiety,Fear Hook + Instructive,Is YOUR Baby's Food a Choking Hazard? Cut It Like This,"Choking is a top fear once solids begin, and 'how to prevent baby choking' is a high-intent safety search.","Your 293K developing-normally reel proves universal fear plus a clear action performs. A choking demonstration on real food is the high-trust, save-worthy version of that.",Evergreen,2
K050,05. Starting Solids & Toddler Nutrition,Picky eaters and food refusal,Discovery,Fear,Sharing,Q&A + Instructive,Why Won't YOUR Toddler Eat? What Actually Works,'Toddler not eating' is a perennial high-frustration search affecting nearly every family of a one-to-four-year-old.,"Your 293K developing-normally reel works because every parent self-relates - picky eating is the same near-universal frustration, framed as the question every family asks.",Evergreen,2
K051,05. Starting Solids & Toddler Nutrition,Iron and the hidden anaemia problem,Authority,Concerned,Anxiety,Fear Hook + Informative,Is YOUR Baby Quietly Iron Deficient? The Signs to Watch,"Iron-deficiency anaemia is very common in Indian infants and often invisible, and awareness is growing among health-conscious parents.","Your 293K developing-normally reel shows a hidden, fixable problem with a sign-list gets saved. Quiet iron deficiency is exactly that unknown-but-common danger.",Evergreen,3
K052,05. Starting Solids & Toddler Nutrition,"Sugar, salt and packaged baby snacks",Authority,Shock,Sharing,Counter-Intuitive + Safe or Not,The 'Healthy' Baby Snacks That Are Secretly Loaded With Sugar,"Packaged baby foods and biscuits marketed as healthy are heavily bought in India, and label-awareness searches are rising among urban parents.",Your Superstition reel (58.1K) earned your top comment ratio by exposing something surprising - a 'healthy snacks are secretly sugar' reveal sparks the same outrage-driven shares.,Evergreen,3
K053,05. Starting Solids & Toddler Nutrition,Cow milk versus toddler formula after 1,Authority,Curiosity,Sharing,Safe or Not,"After Age 1, What Milk Is Best for YOUR Child?","Once a child turns one, parents are confused between cow milk, toddler formula and plant milks, a common and commercially-pushed decision.","Your Cow Milk 'Safe or Not?' reel (94.4K) is the model for a verdict on a confusing, marketed milk choice after age one.",Evergreen,3
K054,05. Starting Solids & Toddler Nutrition,Vitamin D and the rickets risk,Authority,Concerned,Anxiety,Informative + Instructive,Why Almost Every Indian Baby Needs Vitamin D Drops,"Vitamin D deficiency is strikingly common in Indian children despite the sunshine, and pediatric supplementation guidance is increasingly searched.","Your 293K developing-normally reel shows a surprising, widely-applicable fact gives universal relevance - 'almost every Indian baby needs vitamin D' plus a simple action mirrors that.",Evergreen,3
K055,06. Newborn First 40 Days,Newborn jaundice: when to worry,Discovery,Fear,Anxiety,Fear Hook + Checklist,Is YOUR Newborn's Yellow Skin Dangerous? The 5-Day Rule,Newborn jaundice is extremely common and a top early search; many Indian families treat it with sunlight alone and miss the danger thresholds.,"Your 293K developing-normally reel proves a visible sign plus a self-check gets saved, and jaundice sits squarely in your neonatologist wheelhouse to reinforce authority.",Evergreen,2
K056,06. Newborn First 40 Days,Umbilical cord care,Authority,Curiosity,Anxiety,Instructive + Myth-Buster,Stop Putting THIS on YOUR Newborn's Cord - Do This Instead,"Cord care is a top first-month search, and Indian homes still apply powders, oils or ash, which raises infection risk.","Your Cow Milk 'Safe or Not?' reel (94.4K) shows a 'stop doing this, do that instead' correction works - cord care with a hands-on demo is the same high-trust fix.",Evergreen,3
K057,06. Newborn First 40 Days,Decoding baby cries and colic,Discovery,Curiosity,Sharing,Q&A + Checklist,What Is YOUR Baby's Cry REALLY Saying? Doctor Decodes 4 Types,'Why is my baby crying' and colic are top exhausted-parent searches with intense desperation-driven engagement.,Your Breastmilk Bath reel (57.4K) shows curiosity content performs; a 'decode the cry' list adds the relief lever that makes exhausted parents save and share.,Evergreen,2
K058,06. Newborn First 40 Days,Newborn weight loss in the first week,Authority,Fear,Anxiety,Fear Hook + Reassuring,Is It Normal That YOUR Newborn Is Losing Weight?,"Early weight loss alarms new parents who do not know it is expected, prompting anxious searches and unnecessary formula top-ups.","Your Breech Baby reel (175K, 0.75% save) shows a real fear answered with reassurance gets saved - early weight loss is the same normal-versus-worry relief.",Evergreen,3
K059,06. Newborn First 40 Days,How often newborns should poop and pee,Authority,Curiosity,Anxiety,Q&A + Checklist,How Many Wet Nappies Should YOUR Newborn Have? The Daily Count,Output counts are a constant first-month worry and a way parents check feeding is going well; heavily searched.,"Your actual Baby Poop Colour reel held a 0.62% save rate as reference content - a daily wet-nappy count is the same save-worthy self-check, repackaged with a stronger hook.",Evergreen,3
K060,06. Newborn First 40 Days,"Newborn skin: peeling, spots and birthmarks",Authority,Curiosity,Sharing,Q&A + Reassuring,Those Spots on YOUR Newborn - Normal or Not?,"New parents are alarmed by normal newborn skin changes (peeling, milia, rashes, Mongolian spots) and search to identify them.",Your Breastmilk Bath reel (57.4K) shows real-baby curiosity content works; identifying normal newborn skin spots reassures and gets shared as helpful.,Evergreen,3
K061,06. Newborn First 40 Days,Safe bathing and vernix,Authority,Concerned,Sharing,Myth-Buster + Instructive,How Often Should YOU Really Bathe a Newborn?,"Indian families often bathe newborns daily and vigorously; guidance now favours fewer, gentler baths, creating a knowledge gap parents search to fill.",Your Breastmilk Bath reel reached 57.4K on real bath footage of an Indian baby - a how-often-to-bathe correction built on the same real-footage style fits perfectly.,Evergreen,3
K062,06. Newborn First 40 Days,The 40-day confinement period (jaapa),Community,Curiosity,Sharing,Q&A + Myth-Buster,The First 40 Days: What Indian Traditions Get Right and Wrong,"The post-birth confinement period is a strong cultural touchstone in India, and parents search what to keep and what to skip from these traditions.","Your Superstition reel (58.1K, top comment ratio) shows tradition-versus-evidence drives debate - the 40-day confinement period is exactly that kind of cultural touchstone.",Evergreen,3
K063,06. Newborn First 40 Days,"Newborn hiccups, sneezes and startles",Authority,Curiosity,Sharing,Q&A + Reassuring,Why Does YOUR Newborn Hiccup and Sneeze So Much?,"Frequent hiccups, sneezes and the startle reflex worry first-time parents who fear something is wrong; common reassurance searches.",Your Breastmilk Bath reel (57.4K) proves light curiosity-and-reassurance content performs; 'why so many hiccups and sneezes' gets shared as a relieved 'it's normal'.,Evergreen,3
K064,06. Newborn First 40 Days,When to take a newborn out in public,Authority,Concerned,Anxiety,Safe or Not,When Is It Safe to Take YOUR Newborn Outside?,"Parents weigh family pressure to show the baby against infection fears, especially after recent illness seasons; a common timing search.",Your Cow Milk verdict reel (94.4K) shows a clear answer settles a family debate - when-to-take-baby-out is the same kind of pressure-versus-safety question.,Evergreen,3
K065,07. NICU & Premature Babies,Will my baby need the NICU?,Discovery,Fear,Anxiety,Fear Hook + Q&A,Could YOUR Baby End Up in the NICU? What Every Pregnant Parent Should Know,"India accounts for roughly a fifth of the world's premature births, so NICU admission is a real and widespread fear, yet most expecting parents have no idea what it involves.","Your 293K developing-normally reel works by framing a topic as 'could this be MY baby' - do that here. Your Congenital Malaria reel died at 3.2K because niche topics have no self-relevance, so this only flies with that universal pregnancy hook.",Evergreen,1
K066,07. NICU & Premature Babies,What all the NICU machines actually do,Discovery,Concerned,Anxiety,Q&A + Reassuring,Inside the NICU: What Every Beeping Machine Means,"NICU parents are overwhelmed and frightened by the equipment, and there is strong search demand for plain-language explanations of incubators, monitors and tubes.","Your CGI Baby Heart reel flopped at 12K because animation signals 'textbook', while every real-footage reel you made outperformed it. Real NICU machine footage is the credibility advantage no general creator can copy.",Evergreen,2
K067,07. NICU & Premature Babies,Kangaroo Mother Care (skin-to-skin),Community,Joy,Sharing,Instructive + Reassuring,The Simple Skin-to-Skin Trick That Saves Premature Babies,"Kangaroo care is proven to help preemies regulate temperature and heartbeat and is promoted across Indian hospitals, with growing parent awareness.","Your Peekaboo reel (299K, 6,054 saves) shows hopeful, empowering content is your most shared - a simple skin-to-skin trick that saves babies taps that exact joy-and-agency lever.",Evergreen,2
K068,07. NICU & Premature Babies,Understanding 'corrected age',Authority,Curiosity,Anxiety,Q&A + Instructive,Why YOUR Premature Baby's 'Real Age' Is Different,"Corrected age confuses almost every preemie parent comparing their baby to full-term babies, and it is a top post-discharge question.",Your 293K developing-normally reel proves developmental reassurance gets saved; corrected age explained simply makes you the indispensable expert for the loyal preemie-parent niche.,Evergreen,2
K069,07. NICU & Premature Babies,Premature baby developmental milestones,Discovery,Fear,Anxiety,Fear Hook + Checklist,Is YOUR Premature Baby On Track? Milestones Explained,"Developmental delay is the number-one worry of parents after NICU discharge, and they search constantly for preemie-specific milestone guidance.","Your 293K developing-normally reel is your strongest format - applied to preemie milestones it combines self-check, reassurance and a save-worthy checklist for a niche that desperately wants it.",Evergreen,2
K070,07. NICU & Premature Babies,Low birth weight: catching up,Authority,Fear,Anxiety,Fear Hook + Reassuring,Will YOUR Low-Birth-Weight Baby Catch Up? The Truth,Low birth weight is common in India and a major parental anxiety about future growth and health; poor growth is a leading post-discharge concern.,"Your Breech Baby reel (175K, 0.75% save) shows fear-plus-evidence-reassurance gets saved - 'will my low-birth-weight baby catch up' is the same arc, with specialist value general accounts cannot match.",Evergreen,2
K071,07. NICU & Premature Babies,Why preemies struggle to breathe (RDS),Discovery,Fear,Anxiety,Fear Hook + Informative,Why Premature Babies Fight to Breathe - And How Doctors Help,"Respiratory distress is the most common serious preemie problem, and parents search to understand why their baby needs breathing support.","Your Blue Baby breathing footage was your strongest-ever hook but buried at 12K. A preemie-breathing story works only with that dramatic, universal hook - your Congenital Malaria 3.2K flop is the warning against a dry medical framing.",Evergreen,3
K072,07. NICU & Premature Babies,Eye screening for preemies (ROP),Authority,Concerned,Anxiety,Informative + Instructive,The Eye Test That Can Save YOUR Premature Baby's Sight,"Retinopathy of prematurity can cause blindness if missed, and timely screening is a critical but under-known step for preemie parents in India.",Your 293K developing-normally reel shows a sight-or-safety danger with a clear action gets saved; ROP screening is high-stakes for preemie parents and your authority makes the warning land.,Evergreen,3
K073,07. NICU & Premature Babies,NICU infections (neonatal sepsis),Authority,Fear,Anxiety,Fear Hook + Informative,Why the Tiniest Infection Is So Dangerous for Newborns,"Newborn sepsis is a leading cause of neonatal death globally, and parents search to understand why doctors react so fast to a preemie's fever.","Your Breech Baby reel (175K) shows fear-plus-information performs when framed for everyone - newborn sepsis needs that universal, protective framing rather than a clinical lecture.",Evergreen,3
K074,07. NICU & Premature Babies,Feeding a baby who can't suck yet,Authority,Concerned,Anxiety,Instructive + Reassuring,How Do You Feed a Baby Too Tiny to Suck? A Neonatologist Explains,"Tube feeding and the slow journey to breastfeeding bewilder NICU parents, who search for what to expect and how to help.",Your Breastmilk Bath reel (57.4K) shows behind-the-scenes real footage draws curiosity - showing how a tiny baby is fed showcases the expertise that sets you apart.,Evergreen,3
K075,07. NICU & Premature Babies,NICU parent guilt and mental health,Community,Concerned,Sharing,Reassuring + Q&A,"If YOUR Baby Is in the NICU, This Guilt Is Not Your Fault","NICU-parent guilt and trauma are widely felt but rarely discussed, and supportive content resonates strongly with this audience.","Your Baby Sanu letter reel succeeded on a different goal at ~10K as emotional community content - a 'NICU guilt is not your fault' message is the same loyalty-building emotion, but lead with a universal line, not an insider reference.",Evergreen,2
K076,07. NICU & Premature Babies,Bringing a preemie home: first-week checklist,Authority,Concerned,Anxiety,Checklist + Instructive,Bringing YOUR Premature Baby Home? The First-Week Checklist,"Discharge is terrifying for preemie parents who suddenly lose the safety net of monitors, and they search for home-care guidance.",Your Baby Poop Colour reel held a 0.62% save rate as reference content - a bringing-baby-home checklist is the same save-worthy format meeting a high-anxiety moment only you can speak to.,Evergreen,2
K077,07. NICU & Premature Babies,"Touch, sound and light for a NICU baby",Authority,Joy,Sharing,Instructive + Reassuring,How YOUR Touch and Voice Help a NICU Baby Heal,Parents in the NICU feel helpless and search for ways to bond and help; gentle touch and voice are proven to soothe babies.,"Your Peekaboo reel (299K, top save rate) shows 'you can help' empowerment spreads - telling NICU parents how their touch and voice heal taps that exact lever and deepens the bond.",Evergreen,3
K078,07. NICU & Premature Babies,What a neonatologist actually does,Community,Curiosity,Sharing,Q&A + Reassuring,What Does a Neonatologist Do? A Day Inside the NICU,Many parents do not know neonatologists exist or how they differ from pediatricians; behind-the-scenes medical content performs well across platforms.,Your Breastmilk Bath collab reel (57.4K) shows behind-the-scenes curiosity performs - 'a day inside the NICU' establishes the professional identity that differentiates you from parenting creators.,Evergreen,3
K079,08. Common Conditions Explained,Reflux and spit-up versus vomiting,Authority,Concerned,Anxiety,Q&A + Reassuring,Is YOUR Baby's Spit-Up Normal or a Warning Sign?,"Reflux and frequent spitting-up worry most new parents, and distinguishing normal spit-up from concerning vomiting is a top search.","Your Breech Baby reel (175K, 0.75% save) shows a normal-versus-worry answer gets saved - spit-up versus vomiting is the same everyday reassurance.",Evergreen,2
K080,08. Common Conditions Explained,Constipation in babies,Authority,Concerned,Anxiety,Q&A + Instructive,Is YOUR Baby Really Constipated? What's Normal and What's Not,"Baby bowel habits cause constant worry, and parents frequently search whether infrequent or hard stools are a problem.",Your Baby Poop Colour reel (0.62% save rate) proves bowel-habit reference content gets saved even at low views - constipation norms are the same save-worthy self-check.,Evergreen,3
K081,08. Common Conditions Explained,Cradle cap and scalp flaking,Authority,Curiosity,Sharing,Q&A + Instructive,Those Yellow Flakes on YOUR Baby's Head - Here's What to Do,"Cradle cap is common and alarming-looking, and parents search for safe ways to treat it.","Your Breastmilk Bath reel (57.4K) shows visible, real-baby content draws curiosity - a harmless-but-alarming cradle-cap reveal is easy, shareable reassurance.",Evergreen,3
K082,08. Common Conditions Explained,Blocked tear ducts and watery eyes,Authority,Curiosity,Anxiety,Q&A + Instructive,Why Is YOUR Baby's Eye Always Watering or Sticky?,Blocked tear ducts are common in infants and prompt searches and unnecessary antibiotic use.,Your Breastmilk Bath reel (57.4K) shows real hands-on footage performs - a blocked-tear-duct massage demo builds the same trust through teaching.,Evergreen,3
K083,08. Common Conditions Explained,Tongue-tie and feeding problems,Authority,Concerned,Anxiety,Q&A + Informative,Could a Tongue-Tie Be Hurting YOUR Baby's Feeding?,"Tongue-tie awareness has risen sharply as a cause of feeding and latch trouble, and parents increasingly search for it.",Your 293K developing-normally reel proves naming an unknown cause of a common struggle works - tongue-tie is exactly that under-recognised reason behind feeding trouble.,Evergreen,3
K084,08. Common Conditions Explained,Flat head syndrome (plagiocephaly),Discovery,Fear,Anxiety,Fear Hook,Is YOUR Baby's Head Shape Normal? Check This in 5 Seconds,"Flat-head concern has grown with back-sleeping guidance, and parents search whether the shape will correct itself.","Your Skull Shape reel underperformed at 8.1K purely on weak packaging - reframed with a personal-pronoun question and a real-baby 5-second check, it becomes the self-check format that drove your 293K hit.",Evergreen,2
K085,08. Common Conditions Explained,Undescended testes and hernias,Authority,Concerned,Anxiety,Informative + Instructive,The Newborn Check Every Parent Forgets to Do,"Undescended testes and inguinal hernias are common and need timely action, but parents rarely know to look.",Your 293K developing-normally reel shows an unknown but important self-check gets saved - the undescended-testes check is the same kind of action parents did not know to do.,Evergreen,3
K086,08. Common Conditions Explained,Heart murmurs and the 'blue baby' sign,Discovery,Fear,Anxiety,Fear Hook,If YOUR Baby Turns Blue - This Is What It Means,"Bluish colour and heart murmurs are dramatic, low-awareness signs of heart problems that parents search to understand once noticed.","Your Blue Baby footage was named the single strongest hook in your entire library but was buried behind the wrong thumbnail at 12K - given its own video with real footage, your own estimate is 250-350K.",Evergreen,1
K087,09. Vaccination Decoded,The 0-2 year vaccine schedule,Authority,Curiosity,Anxiety,Checklist + Instructive,The Vaccine Schedule Every Indian Parent Should Save (0-2 Years),"Vaccine-schedule lookups are high-volume and recurring, and Indian parents juggle government and private schedules that often confuse them. August is National Immunization Awareness Month, adding timeliness.","Your Baby Poop Colour reel held a 0.62% save rate as reference content - a save-the-schedule vaccine chart is the same format. You have no vaccine reel yet, so treat the result as a confident projection.",August,2
K088,09. Vaccination Decoded,Fever after vaccination: normal or not,Discovery,Fear,Anxiety,Fear Hook + Reassuring,YOUR Baby Got a Fever After the Vaccine - Should You Panic?,"Post-vaccine fever is one of the most common 'is this normal' panic searches, freshly triggered after every immunisation visit.","Your Breech Baby reel (175K, 0.75% save) shows fear answered with reassurance gets saved - post-vaccine fever is that arc exactly, though vaccine performance on your channel is still unproven.",Evergreen,2
K089,09. Vaccination Decoded,Painless versus painful vaccines,Authority,Curiosity,Sharing,Safe or Not + Myth-Buster,Painless vs Painful Vaccines - Which Is Better for YOUR Baby?,"'Painless vaccine' is heavily marketed and heavily searched in India, with widespread misconception that it is simply better.","Your Superstition reel (58.1K, top comment ratio) shows a genuine parent dilemma drives debate - painless-versus-painful is that argument, with a no-brand verdict to keep trust. Vaccine reach is projected, not proven.",Evergreen,3
K090,09. Vaccination Decoded,Why the flu shot matters before monsoon,Authority,Fear,Anxiety,Instructive + Counter-Intuitive,Why YOUR Baby Needs the Flu Shot BEFORE the Monsoon Peaks,"Because India's flu peak is the monsoon, the pre-monsoon months are the live decision window, and search interest rises with the first rains.","Your 293K developing-normally reel proves fear-plus-a-clear-action performs; a 'flu shot before the monsoon peak' message uses that, but as a deeper follow-up. Vaccine performance is a projection for now.",June-July,2
K091,09. Vaccination Decoded,Catch-up for missed or delayed vaccines,Authority,Concerned,Anxiety,Q&A + Instructive,Missed YOUR Baby's Vaccine? It's Not Too Late - Here's What to Do,"Many Indian children fall behind schedule, and 'missed vaccine catch-up' is a guilt-and-anxiety search that rose after pandemic disruptions.","Your Breech Baby reel (175K, 0.75% save) shows reassuring an anxious parent gets saved - a catch-up message relieves vaccine-miss guilt the same way. Treat reach as projected.",Evergreen,3
K092,09. Vaccination Decoded,Which extra vaccines are worth it,Authority,Curiosity,Sharing,Safe or Not,Are the 'Optional' Vaccines Worth It for YOUR Baby?,Parents are confused and often pressured about optional private-market vaccines and search whether they are necessary.,"Your Cow Milk 'Safe or Not?' reel (94.4K) is the model for a balanced verdict on a costly, confusing choice - optional vaccines fit it. Vaccine reach on your channel is still unproven.",Evergreen,3
K093,09. Vaccination Decoded,Vaccine myths and side-effect fears,Authority,Concerned,Sharing,Myth-Buster,The Vaccine Myths Scaring Indian Parents - Busted,"Vaccine hesitancy and misinformation persist online, and parents search to separate real risks from false claims.","Your Superstition reel (58.1K) shows myth-busting drives debate and shares - busting vaccine myths is the same engine, with a calm evidence-based stance. Reach is projected.",August,3
K094,09. Vaccination Decoded,What to do on vaccination day,Authority,Curiosity,Anxiety,Instructive + Checklist,How to Make Vaccine Day Easier for YOUR Baby,"Parents search for practical tips to reduce pain and fuss on vaccine day (feeding, timing, comforting).","Your Baby Poop Colour reel (0.62% save rate) shows practical reference content gets saved - vaccine-day tips are the same calming, save-worthy how-to. Treat reach as projected.",Evergreen,3
K095,09. Vaccination Decoded,Rotavirus and the monsoon diarrhoea link,Authority,Concerned,Anxiety,Informative + Instructive,The Vaccine That Protects YOUR Baby From Monsoon Diarrhoea,"Rotavirus is a major cause of severe infant diarrhoea that worsens in the monsoon, and awareness of the protective vaccine is still growing.",Your 293K developing-normally reel shows linking a fear to a clear action performs - tying rotavirus to monsoon diarrhoea gives that timely protective hook. Vaccine reach is a projection.,July,3
K096,10. Red Flags & Emergencies,Shuddering versus seizures,Discovery,Fear,Anxiety,Fear Hook,If YOUR Baby Shudders Like This - Watch This NOW,"Infant twitching and shuddering trigger acute panic and late-night searches, with low awareness that most episodes are harmless.",Your Shuddering vs Seizures reel sits at 12.8K with its best line buried inside - moving that hook to the front with a real twitching clip is the packaging fix your own analysis estimates lifts it to 200-300K.,Evergreen,2
K097,10. Red Flags & Emergencies,Febrile seizures: what to do in the moment,Discovery,Fear,Anxiety,Fear Hook + Instructive,If YOUR Child Has a Fever Fit - Do NOT Do This,"Febrile seizures terrify parents and spike with monsoon viral fevers; dangerous folk responses (spoon in mouth, smelling onions) are common.","Your Shuddering vs Seizures reel (12.8K, fixable) shows infant-twitching panic is high-intent - a febrile-seizure do-and-don't built on real footage, correcting a dangerous folk response, taps that same fear.",July (peak),2
K098,10. Red Flags & Emergencies,Dehydration danger signs,Discovery,Fear,Anxiety,Checklist,5 Signs YOUR Baby Is Dangerously Dehydrated,"With monsoon stomach bugs surging, 'dehydration signs in babies' is acute seasonal intent; sunken soft spot and no wet nappies are under-known.","Your 293K developing-normally reel proves universal fear plus a checklist performs, and your Baby Poop Colour reel shows numbered red-flag lists get saved - dehydration signs combine both.",July (peak),2
K099,10. Red Flags & Emergencies,High fever in newborns under 3 months,Discovery,Fear,Anxiety,Fear Hook + Instructive,Any Fever in a Newborn Is an Emergency - Here's Why,"A fever in a baby under three months is a true emergency, but many parents wait and watch, a dangerous and searchable knowledge gap.",Your 293K developing-normally reel shows naming an underestimated danger works - 'any fever in a newborn is an emergency' carries your neonatologist weight on a risk parents wrongly wait out.,Evergreen,1
K100,10. Red Flags & Emergencies,Choking: the response every parent must know,Discovery,Fear,Anxiety,Fear Hook + Instructive,"If YOUR Baby Is Choking, Do THIS Immediately","Infant choking first-aid is a top safety search, and parents desperately want to know the correct response before an emergency happens.",Your 293K developing-normally reel proves universal fear plus a clear action gets saved - a life-saving choking demonstration on real footage is the most save-worthy version of that.,Evergreen,1
K101,10. Red Flags & Emergencies,Dehydration in heat versus rain,Authority,Concerned,Anxiety,Q&A + Instructive,Is YOUR Baby Getting Enough Fluids? Signs by Season,"Fluid needs and dehydration risks shift between summer heat and monsoon illness, and parents search seasonally for guidance.","Your Breech Baby reel (175K, 0.75% save) shows a fear-plus-self-check answer gets saved - seasonal fluid-need signs are that calmer, reference-style version.",June-July,3
K102,10. Red Flags & Emergencies,Head injuries and falls,Discovery,Fear,Anxiety,Fear Hook + Checklist,YOUR Baby Fell and Hit Their Head - When to Worry,"Falls from beds and sofas are extremely common, and 'baby hit head when to worry' is a high-panic, high-volume search.","Your 293K developing-normally reel works on universal fear plus a watch-for list - a 'baby hit their head, when to worry' video is the same near-universal panic with a save-worthy checklist.",Evergreen,2
K103,10. Red Flags & Emergencies,Allergic reactions and anaphylaxis,Authority,Fear,Anxiety,Fear Hook + Checklist,The Allergy Signs in YOUR Baby You Should Never Ignore,"Food-allergy awareness is rising as solids and new foods are introduced, and parents search for danger signs.","Your 293K developing-normally reel shows a fear-based sign-list gets saved - allergy danger signs are increasingly relevant as solids start, with reassurance to stay in your fear-to-calm structure.",Evergreen,3
K104,10. Red Flags & Emergencies,Poisoning and swallowing household items,Discovery,Fear,Anxiety,Fear Hook + Instructive,The Everyday Items Poisoning Curious Toddlers,"Accidental poisoning from cleaning products, button batteries and medicines is a leading toddler emergency and a strong safety search.","Your 293K developing-normally reel proves naming hidden dangers works - everyday poisoning hazards (batteries, cleaners) are exactly the unknown household risks parents underestimate.",Evergreen,3
K105,10. Red Flags & Emergencies,Recognising a serious versus mild illness,Discovery,Fear,Anxiety,Checklist,The Warning Signs That Mean YOUR Baby Needs a Doctor NOW,"Parents constantly search how to tell a worrying illness from a passing one, the single biggest source of their anxiety.",Your 293K developing-normally reel is your master self-check at 293K - a definitive 'when does my baby need a doctor NOW' red-flag list is the ultimate save-worthy version of that universal fear.,Evergreen,1
K106,"11. Baby Skin, Hair & Eyes",Eczema and dry skin,Authority,Concerned,Sharing,Q&A + Instructive,Why Is YOUR Baby's Skin So Dry and Itchy? Real Solutions,"Infant eczema is common and distressing, and parents search heavily for safe creams and triggers.","Your Breastmilk Bath reel (57.4K) shows visible, real-baby skin content draws curiosity - eczema solutions are the same relatable, shareable territory.",Evergreen,3
K107,"11. Baby Skin, Hair & Eyes",Nappy rash: prevention and cure,Authority,Curiosity,Sharing,Instructive + Checklist,End YOUR Baby's Nappy Rash for Good - Doctor's Routine,Nappy rash is near-universal and worsens in humid monsoon weather; 'how to treat nappy rash' is a constant search.,"Your Baby Poop Colour reel held a 0.62% save rate as diaper-adjacent reference content - a nappy-rash routine is the same save-worthy, universal everyday fix.",June-Aug,3
K108,"11. Baby Skin, Hair & Eyes",Heat rash and prickly heat,Authority,Curiosity,Sharing,Q&A + Instructive,How to Stop Prickly Heat From Tormenting YOUR Baby,"Heat rash spikes in hot, humid weather and is a top seasonal complaint for Indian parents.","Your Breastmilk Bath reel (57.4K) shows a visible seasonal skin issue on a real baby performs - prickly-heat relief is timely, relatable curiosity content.",June-July,3
K109,"11. Baby Skin, Hair & Eyes",Birthmarks and Mongolian spots,Authority,Curiosity,Sharing,Q&A + Reassuring,What Do YOUR Baby's Birthmarks Really Mean?,"Parents worry about birthmarks and the bluish Mongolian spots common in Indian babies, searching whether they are dangerous.","Your Breastmilk Bath reel hit 57.4K partly because Indian parents identify with real Indian babies - Mongolian spots are very common in Indian infants, making this reassurance both relatable and culturally specific.",Evergreen,3
K110,"11. Baby Skin, Hair & Eyes",Baby acne and milia,Authority,Curiosity,Sharing,Q&A + Reassuring,Why Does YOUR Newborn Have Pimples? Here's the Truth,Newborn acne alarms parents who fear a skin problem or react with harsh remedies; a common reassurance search.,"Your Breastmilk Bath reel (57.4K) shows light, visible, real-baby content gets shared - newborn acne is easy reassurance that widens reach.",Evergreen,3
K111,"11. Baby Skin, Hair & Eyes",Sunscreen and sun safety for babies,Authority,Concerned,Anxiety,Safe or Not + Instructive,Is Sunscreen Safe for YOUR Baby? Doctor's Guidance,"Sun-safety and sunscreen-for-babies questions rise in summer, and parents are unsure what is safe under six months.",Your Cow Milk 'Safe or Not?' reel (94.4K) is the model for a clear safe-or-not answer on a seasonal product worry like sunscreen.,June,3
K112,"11. Baby Skin, Hair & Eyes",Baby hair loss and bald patches,Authority,Curiosity,Sharing,Myth-Buster + Reassuring,Why Is YOUR Baby Going Bald? It's Usually Normal,"Newborn hair loss and a bald patch at the back of the head worry parents, who often blame deficiencies; a common reassurance search.","Your Breastmilk Bath reel (57.4K) shows reassuring, real-baby content gets shared - 'why is my baby going bald, it's normal' calms a common worry the same gentle way.",Evergreen,3
K113,"11. Baby Skin, Hair & Eyes","Sticky, watery or crossed eyes",Authority,Concerned,Anxiety,Q&A + Instructive,Should YOU Worry About YOUR Baby's Eyes Crossing?,Parents worry about occasional eye-crossing and discharge in young babies and search when it is normal versus a problem.,Your Breastmilk Bath reel (57.4K) shows real-footage explainers perform - a normal-versus-worry answer on eye-crossing or discharge fits that reassuring style.,Evergreen,3
K114,"11. Baby Skin, Hair & Eyes",Vitamin deficiencies that show on the body,Authority,Concerned,Anxiety,Informative + Checklist,The Signs of Hidden Deficiencies on YOUR Baby's Body,"Parents increasingly search for visible signs of vitamin and iron deficiencies, which are common in Indian children.",Your 293K developing-normally reel proves a hidden-sign checklist gets saved - visible deficiency signs are the same unknown-but-common danger parents want to spot.,Evergreen,3
K115,12. Sleep & Soothing,Safe sleep and co-sleeping,Authority,Fear,Anxiety,Safe or Not,Is Co-Sleeping With YOUR Baby Safe? The Indian Reality,"Co-sleeping is the Indian default, yet safe-sleep guidance pushes separate sleep to reduce suffocation risk, creating a real culture-versus-evidence tension with rising awareness.",Your Cow Milk 'Safe or Not?' reel (94.4K) is the model: a verdict on a universal Indian practice. Co-sleeping is exactly that culture-versus-evidence debate that drives comments and anxiety saves.,Evergreen,2
K116,12. Sleep & Soothing,Why newborns have day-night confusion,Authority,Curiosity,Sharing,Q&A + Instructive,Why Does YOUR Newborn Sleep All Day and Party All Night?,Day-night reversal exhausts new parents and is a heavily searched early sleep problem.,"Your Breastmilk Bath reel (57.4K) shows relatable curiosity content performs - day-night reversal is a shared, slightly funny pain point that exhausted parents forward.",Evergreen,3
K117,12. Sleep & Soothing,How much sleep babies actually need by age,Authority,Curiosity,Sharing,Checklist,How Much Should YOUR Baby Sleep? The Age-by-Age Guide,Sleep-needs charts are top-volume searches as parents judge whether their baby sleeps too little or too much.,Your 293K developing-normally reel shows an age-banded chart gets saved as reference - a how-much-sleep-by-age guide is the same save-worthy format.,Evergreen,3
K118,12. Sleep & Soothing,Sleep regressions explained,Authority,Concerned,Sharing,Q&A + Reassuring,Why Did YOUR Good Sleeper Suddenly Stop Sleeping?,Sleep regressions blindside parents and drive desperate searches at predictable ages.,"Your Peekaboo reel (299K, 2.02% save) shows relief-and-validation spreads - a 'this regression is normal and temporary' message taps that calming lever.",Evergreen,3
K119,12. Sleep & Soothing,Safe swaddling do's and don'ts,Authority,Concerned,Anxiety,Safe or Not + Instructive,Are YOU Swaddling YOUR Baby Safely? The Hip-Safe Way,"Swaddling is widely done in India, but tight hip wrapping risks hip problems and overheating, an under-known safety issue.",Your Cow Milk 'Safe or Not?' reel (94.4K) shows correcting a common practice with a clear verdict works - hip-safe swaddling is the same fix with a hands-on demo.,Evergreen,3
K120,12. Sleep & Soothing,Soothing a crying baby (the techniques),Discovery,Joy,Sharing,Instructive + Q&A,The Tricks That Calm a Crying Baby in Seconds,"Calming techniques are a desperate, high-volume search for every new parent, and 'how to soothe a baby' has broad appeal.","Your Peekaboo reel (299K, 6,054 saves) proves hopeful do-this content is your most shared - calming-a-crying-baby techniques tap that exact empowerment lever.",Evergreen,2
K121,12. Sleep & Soothing,When sleep problems signal something more,Authority,Fear,Anxiety,Fear Hook + Q&A,When Is YOUR Baby's Bad Sleep Actually a Health Problem?,"Parents search whether persistent sleep trouble, snoring or breathing pauses point to a medical issue.",Your 293K developing-normally reel shows fear-plus-red-flags gets saved - 'when is bad sleep actually a health problem' uses that with a clear see-a-doctor line.,Evergreen,3
K122,"13. Brain, Behaviour & Bonding",Talking and reading to babies,Discovery,Joy,Sharing,Myth-Buster + Instructive,Why Talking to YOUR Baby Now Makes Them Smarter Later,"Early-language and brain-building content performs strongly as parents seek simple, screen-free ways to boost development.","Your Peekaboo reel hit 299K and a 2.02% save rate on joy and brain-building validation - 'talking to your baby makes them smarter' is the same positive, forwardable lever.",Evergreen,2
K123,"13. Brain, Behaviour & Bonding",Tantrums and how to handle them,Discovery,Concerned,Sharing,Q&A + Instructive,Why YOUR Toddler Has Meltdowns - And What Actually Works,"Toddler tantrums are a universal, high-frustration search topic with broad appeal to parents of one-to-four-year-olds.","Your 293K developing-normally reel works because every parent self-relates - toddler tantrums are the same near-universal struggle, framed as the question every family asks.",Evergreen,2
K124,"13. Brain, Behaviour & Bonding",Separation anxiety,Authority,Concerned,Sharing,Q&A + Reassuring,Why Does YOUR Baby Cry the Moment YOU Leave?,"Separation anxiety distresses parents and is a common developmental search, especially as mothers return to work.","Your Peekaboo reel (299K, top save rate) shows relief-and-validation spreads - 'separation anxiety is healthy development' reassures and gets shared the same way.",Evergreen,3
K125,"13. Brain, Behaviour & Bonding",Discipline without hitting,Authority,Concerned,Sharing,Counter-Intuitive + Q&A,Why Hitting Doesn't Work - And What Does,"Discipline approaches are debated in Indian homes where physical punishment is still common, and gentle-discipline searches are rising.","Your Superstition reel (58.1K, top comment ratio) shows challenging an accepted practice drives debate - a 'hitting doesn't work' stance creates the same comment engine.",Evergreen,3
K126,"13. Brain, Behaviour & Bonding",Building a secure bond with your baby,Community,Joy,Sharing,Instructive + Reassuring,"The Simple Habits That Build a Secure, Confident Child",Attachment and bonding content resonates emotionally and is sought by parents wanting to 'do it right'.,"Your Peekaboo reel (299K, 6,054 saves) proves warm, validating content is your most forwarded - secure-bonding habits tap that exact joy-and-reassurance lever.",Evergreen,3
K127,"13. Brain, Behaviour & Bonding",Stranger anxiety and shyness,Authority,Curiosity,Sharing,Q&A + Reassuring,Is It Normal That YOUR Baby Fears Strangers?,"Stranger anxiety surprises families used to passing the baby around, and parents search whether shyness is a problem.","Your Peekaboo reel (299K, top save rate) shows reassuring developmental content spreads - 'stranger fear is normal' calms family pressure the same gentle way.",Evergreen,3
K128,"13. Brain, Behaviour & Bonding",Independent play and not over-stimulating,Authority,Curiosity,Sharing,Myth-Buster + Instructive,Why YOUR Baby Doesn't Need Constant Entertainment,"Over-scheduling and toy overload are growing concerns, and parents search how much stimulation is healthy.","Your Superstition reel (58.1K) shows gently countering a modern habit sparks debate - 'your baby doesn't need constant entertainment' is a surprising, scroll-stopping claim.",Evergreen,3
K129,"13. Brain, Behaviour & Bonding",Bilingual and multilingual babies,Authority,Curiosity,Sharing,Myth-Buster,Will Teaching YOUR Baby Two Languages Confuse Them?,"Multilingual households are common in India, and parents worry that multiple languages cause delay, a frequent myth-driven search.",Your Superstition reel (58.1K) proves busting a relatable myth drives shares - the 'two languages confuse babies' myth is one nearly every Indian family wonders about.,Evergreen,3
K130,14. NICU & Miracle Stories,A 600-gram survival story,Community,Joy,Sharing,Miracle Story,She Weighed 600 Grams. Today She's Walking.,Premature-survival stories travel far beyond the parenting niche with universal emotional pull and strong share-on-sight behaviour.,"Your Baby Sanu letter reel proved emotional community content succeeds (~10K on a different goal), but it under-reached because it led with an insider name. Lead with the shocking weight instead, and name the whole team, as your analysis prescribes.",Evergreen,2
K131,14. NICU & Miracle Stories,A multiple-birth (twins/triplets) journey,Community,Joy,Sharing,Miracle Story,She Was Told She'd Never Carry All of Them. She Did.,"Multiple-birth stories have universal wow-factor and are shared on sight, with strong family-group forwarding.",Your Quintuplets reel had a strong thumbnail but flopped at 12.5K because it used studio dolls instead of a real story - telling the real journey is the format fix your own analysis estimates can reach up to 1M.,Evergreen,3
K132,14. NICU & Miracle Stories,A 'four-day-old fighter' case,Community,Joy,Sharing,Miracle Story,This 4-Day-Old Baby Fought For His Life. Here's What Happened.,"Episodic real-patient stories build returning-viewer loyalty, and serialised NICU storytelling sustains watch-through.","Your Baby Sanu letter reel showed real-patient emotion builds loyalty (~10K) - an episodic 'four-day fighter' story works the same, but open with a universal hook so non-followers can enter.",Evergreen,3
K133,14. NICU & Miracle Stories,Meet the NICU team behind the babies,Community,Joy,Sharing,Miracle Story,The Team That Never Sleeps So YOUR Baby Can,"Behind-the-scenes healthcare-team content performs well and humanises the practice, building emotional connection.",Your Baby Sanu letter reel proved that naming the people who helped is community gold - a 'meet the NICU team' story deepens the bond between the channel and its followers.,Evergreen,3
K134,14. NICU & Miracle Stories,A parent's NICU diary (with consent),Community,Concerned,Sharing,Miracle Story,A Mother's NICU Diary: The Days No One Talks About,"Honest NICU-parent experiences resonate deeply with a large, underserved audience and are shared within support communities.","Your Baby Sanu letter reel succeeded as emotional community content (~10K) - an honest NICU-parent diary builds the same fierce loyalty, opened with a universal line so new viewers connect.",Evergreen,3
K135,14. NICU & Miracle Stories,From incubator to first birthday,Community,Joy,Sharing,Miracle Story,From an Incubator to Her First Birthday - One Year of Fighting,"Transformation and milestone-celebration stories are highly shareable and uplifting, with broad appeal beyond the niche.","Your Peekaboo reel hit 299K on joy and triumph - an incubator-to-first-birthday transformation taps that same uplifting, forwardable emotion that drives your highest save and share rates.",Evergreen,3
